,Sample,Cluster
0,TCGA-A1-A0SD-01,0
1,TCGA-A1-A0SE-01,5
2,TCGA-A1-A0SF-01,5
3,TCGA-A1-A0SG-01,5
4,TCGA-A1-A0SH-01,0
5,TCGA-A1-A0SI-01,0
6,TCGA-A1-A0SJ-01,0
7,TCGA-A1-A0SK-01,1
8,TCGA-A1-A0SM-01,5
9,TCGA-A1-A0SN-01,5
10,TCGA-A1-A0SP-01,0
11,TCGA-A1-A0SQ-01,5
12,TCGA-A2-A04N-01,5
13,TCGA-A2-A04P-01,0
14,TCGA-A2-A04Q-01,0
15,TCGA-A2-A04R-01,5
16,TCGA-A2-A04T-01,0
17,TCGA-A2-A04U-01,0
18,TCGA-A2-A04V-01,5
19,TCGA-A2-A04W-01,0
20,TCGA-A2-A04X-01,5
21,TCGA-A2-A04Y-01,5
22,TCGA-A2-A0CK-01,0
23,TCGA-A2-A0CL-01,0
24,TCGA-A2-A0CM-01,0
25,TCGA-A2-A0CP-01,5
26,TCGA-A2-A0CQ-01,5
27,TCGA-A2-A0CR-01,0
28,TCGA-A2-A0CS-01,5
29,TCGA-A2-A0CT-01,5
30,TCGA-A2-A0CU-01,5
31,TCGA-A2-A0CV-01,0
32,TCGA-A2-A0CW-01,5
33,TCGA-A2-A0CX-01,5
34,TCGA-A2-A0D0-01,0
35,TCGA-A2-A0D1-01,5
36,TCGA-A2-A0D2-01,0
37,TCGA-A2-A0D3-01,5
38,TCGA-A2-A0D4-01,5
39,TCGA-A2-A0EM-01,5
40,TCGA-A2-A0EN-01,0
41,TCGA-A2-A0EO-01,0
42,TCGA-A2-A0EP-01,0
43,TCGA-A2-A0EQ-01,5
44,TCGA-A2-A0ER-01,5
45,TCGA-A2-A0ES-01,0
46,TCGA-A2-A0ET-01,5
47,TCGA-A2-A0EU-01,5
48,TCGA-A2-A0EV-01,5
49,TCGA-A2-A0EW-01,0
50,TCGA-A2-A0EX-01,5
51,TCGA-A2-A0EY-01,5
52,TCGA-A2-A0ST-01,0
53,TCGA-A2-A0SU-01,5
54,TCGA-A2-A0SV-01,5
55,TCGA-A2-A0SW-01,5
56,TCGA-A2-A0SX-01,0
57,TCGA-A2-A0SY-01,5
58,TCGA-A2-A0T0-01,0
59,TCGA-A2-A0T1-01,5
60,TCGA-A2-A0T2-01,0
61,TCGA-A2-A0T3-01,0
62,TCGA-A2-A0T4-01,5
63,TCGA-A2-A0T5-01,0
64,TCGA-A2-A0T6-01,0
65,TCGA-A2-A0T7-01,0
66,TCGA-A2-A0YC-01,5
67,TCGA-A2-A0YD-01,0
68,TCGA-A2-A0YE-01,0
69,TCGA-A2-A0YF-01,5
70,TCGA-A2-A0YG-01,5
71,TCGA-A2-A0YH-01,5
72,TCGA-A2-A0YI-01,0
73,TCGA-A2-A0YJ-01,0
74,TCGA-A2-A0YK-01,0
75,TCGA-A2-A0YL-01,0
76,TCGA-A2-A0YM-01,0
77,TCGA-A2-A0YT-01,5
78,TCGA-A2-A1FV-01,1
79,TCGA-A2-A1FW-01,5
80,TCGA-A2-A1FX-01,5
81,TCGA-A2-A1FZ-01,0
82,TCGA-A2-A1G0-01,0
83,TCGA-A2-A1G1-01,0
84,TCGA-A2-A1G4-01,5
85,TCGA-A2-A1G6-01,0
86,TCGA-A2-A259-01,0
87,TCGA-A2-A25A-01,0
88,TCGA-A2-A25B-01,5
89,TCGA-A2-A25C-01,0
90,TCGA-A2-A25D-01,5
91,TCGA-A2-A25E-01,5
92,TCGA-A2-A25F-01,0
93,TCGA-A2-A3KD-01,5
94,TCGA-A2-A3XT-01,0
95,TCGA-A2-A3XU-01,0
96,TCGA-A2-A3XV-01,5
97,TCGA-A2-A3XW-01,0
98,TCGA-A2-A3XX-01,0
99,TCGA-A2-A3XZ-01,0
100,TCGA-A2-A3Y0-01,0
101,TCGA-A2-A4S1-01,2
102,TCGA-A2-A4S2-01,5
103,TCGA-A2-A4S3-01,5
104,TCGA-A7-A0CD-01,5
105,TCGA-A7-A0CE-01,0
106,TCGA-A7-A0CG-01,0
107,TCGA-A7-A0CJ-01,5
108,TCGA-A7-A0D9-01,0
109,TCGA-A7-A0DA-01,0
110,TCGA-A7-A0DB-01,5
111,TCGA-A7-A13D-01,0
112,TCGA-A7-A13E-01,0
113,TCGA-A7-A13F-01,5
114,TCGA-A7-A13G-01,5
115,TCGA-A7-A26E-01,5
116,TCGA-A7-A26F-01,0
117,TCGA-A7-A26G-01,0
118,TCGA-A7-A26H-01,5
119,TCGA-A7-A26I-01,0
120,TCGA-A7-A26J-01,0
121,TCGA-A7-A2KD-01,5
122,TCGA-A7-A3RF-01,1
123,TCGA-A7-A425-01,5
124,TCGA-A7-A4SC-01,0
125,TCGA-A7-A4SD-01,0
126,TCGA-A7-A4SE-01,0
127,TCGA-A7-A56D-01,5
128,TCGA-A7-A5ZW-01,0
129,TCGA-A7-A5ZX-01,0
130,TCGA-A8-A06O-01,5
131,TCGA-A8-A06P-01,5
132,TCGA-A8-A06Q-01,5
133,TCGA-A8-A06R-01,0
134,TCGA-A8-A06T-01,5
135,TCGA-A8-A06U-01,0
136,TCGA-A8-A06X-01,5
137,TCGA-A8-A06Y-01,5
138,TCGA-A8-A06Z-01,5
139,TCGA-A8-A075-01,5
140,TCGA-A8-A076-01,5
141,TCGA-A8-A079-01,5
142,TCGA-A8-A07B-01,5
143,TCGA-A8-A07F-01,5
144,TCGA-A8-A07G-01,0
145,TCGA-A8-A07I-01,5
146,TCGA-A8-A07J-01,0
147,TCGA-A8-A07L-01,5
148,TCGA-A8-A07O-01,0
149,TCGA-A8-A07P-01,5
150,TCGA-A8-A07U-01,0
151,TCGA-A8-A07W-01,5
152,TCGA-A8-A07Z-01,5
153,TCGA-A8-A081-01,5
154,TCGA-A8-A082-01,5
155,TCGA-A8-A083-01,5
156,TCGA-A8-A085-01,5
157,TCGA-A8-A08B-01,5
158,TCGA-A8-A08C-01,0
159,TCGA-A8-A08F-01,5
160,TCGA-A8-A08G-01,5
161,TCGA-A8-A08H-01,0
162,TCGA-A8-A08J-01,5
163,TCGA-A8-A08L-01,1
164,TCGA-A8-A08O-01,5
165,TCGA-A8-A08P-01,5
166,TCGA-A8-A08R-01,0
167,TCGA-A8-A08S-01,5
168,TCGA-A8-A08T-01,5
169,TCGA-A8-A08X-01,0
170,TCGA-A8-A08Z-01,0
171,TCGA-A8-A090-01,5
172,TCGA-A8-A091-01,5
173,TCGA-A8-A092-01,5
174,TCGA-A8-A093-01,5
175,TCGA-A8-A094-01,5
176,TCGA-A8-A095-01,5
177,TCGA-A8-A096-01,0
178,TCGA-A8-A097-01,0
179,TCGA-A8-A099-01,5
180,TCGA-A8-A09A-01,5
181,TCGA-A8-A09B-01,5
182,TCGA-A8-A09C-01,5
183,TCGA-A8-A09D-01,5
184,TCGA-A8-A09E-01,5
185,TCGA-A8-A09G-01,5
186,TCGA-A8-A09I-01,5
187,TCGA-A8-A09K-01,5
188,TCGA-A8-A09M-01,5
189,TCGA-A8-A09N-01,5
190,TCGA-A8-A09Q-01,5
191,TCGA-A8-A09T-01,5
192,TCGA-A8-A09V-01,5
193,TCGA-A8-A09W-01,5
194,TCGA-A8-A09X-01,5
195,TCGA-A8-A09Z-01,5
196,TCGA-A8-A0A1-01,5
197,TCGA-A8-A0A2-01,5
198,TCGA-A8-A0A4-01,5
199,TCGA-A8-A0A6-01,0
200,TCGA-A8-A0A7-01,0
201,TCGA-A8-A0A9-01,5
202,TCGA-A8-A0AB-01,5
203,TCGA-A8-A0AD-01,5
204,TCGA-AC-A23C-01,5
205,TCGA-AC-A23E-01,0
206,TCGA-AC-A23H-01,5
207,TCGA-AC-A2B8-01,5
208,TCGA-AC-A2BK-01,0
209,TCGA-AC-A2BM-01,5
210,TCGA-AC-A2FB-01,0
211,TCGA-AC-A2FF-01,0
212,TCGA-AC-A2FG-01,0
213,TCGA-AC-A2FO-01,5
214,TCGA-AC-A2QH-01,2
215,TCGA-AC-A3HN-01,0
216,TCGA-AC-A3OD-01,0
217,TCGA-AC-A3QP-01,0
218,TCGA-AC-A3W5-01,0
219,TCGA-AC-A3YI-01,0
220,TCGA-AC-A3YJ-01,5
221,TCGA-AC-A5EH-01,0
222,TCGA-AC-A5XS-01,5
223,TCGA-AC-A5XU-01,1
224,TCGA-AC-A62X-01,0
225,TCGA-AC-A62Y-01,5
226,TCGA-AN-A03X-01,5
227,TCGA-AN-A03Y-01,5
228,TCGA-AN-A041-01,0
229,TCGA-AN-A046-01,5
230,TCGA-AN-A049-01,5
231,TCGA-AN-A04A-01,0
232,TCGA-AN-A04C-01,5
233,TCGA-AN-A04D-01,0
234,TCGA-AN-A0AJ-01,5
235,TCGA-AN-A0AK-01,5
236,TCGA-AN-A0AL-01,0
237,TCGA-AN-A0AM-01,0
238,TCGA-AN-A0AR-01,0
239,TCGA-AN-A0AS-01,0
240,TCGA-AN-A0AT-01,0
241,TCGA-AN-A0FD-01,0
242,TCGA-AN-A0FF-01,5
243,TCGA-AN-A0FJ-01,0
244,TCGA-AN-A0FK-01,5
245,TCGA-AN-A0FL-01,0
246,TCGA-AN-A0FN-01,0
247,TCGA-AN-A0FS-01,5
248,TCGA-AN-A0FT-01,5
249,TCGA-AN-A0FV-01,5
250,TCGA-AN-A0FW-01,5
251,TCGA-AN-A0FX-01,0
252,TCGA-AN-A0FY-01,0
253,TCGA-AN-A0FZ-01,5
254,TCGA-AN-A0G0-01,0
255,TCGA-AN-A0XN-01,0
256,TCGA-AN-A0XO-01,5
257,TCGA-AN-A0XP-01,5
258,TCGA-AN-A0XR-01,5
259,TCGA-AN-A0XS-01,5
260,TCGA-AN-A0XT-01,0
261,TCGA-AN-A0XU-01,0
262,TCGA-AN-A0XV-01,0
263,TCGA-AN-A0XW-01,0
264,TCGA-AO-A03L-01,5
265,TCGA-AO-A03O-01,5
266,TCGA-AO-A03P-01,5
267,TCGA-AO-A03R-01,5
268,TCGA-AO-A03T-01,5
269,TCGA-AO-A03V-01,5
270,TCGA-AO-A0J2-01,0
271,TCGA-AO-A0J3-01,5
272,TCGA-AO-A0J4-01,0
273,TCGA-AO-A0J5-01,0
274,TCGA-AO-A0J6-01,0
275,TCGA-AO-A0J7-01,5
276,TCGA-AO-A0J8-01,5
277,TCGA-AO-A0J9-01,0
278,TCGA-AO-A0JA-01,5
279,TCGA-AO-A0JB-01,0
280,TCGA-AO-A0JC-01,0
281,TCGA-AO-A0JD-01,0
282,TCGA-AO-A0JE-01,0
283,TCGA-AO-A0JF-01,0
284,TCGA-AO-A0JI-01,5
285,TCGA-AO-A0JJ-01,0
286,TCGA-AO-A0JM-01,5
287,TCGA-AO-A124-01,0
288,TCGA-AO-A128-01,0
289,TCGA-AO-A12A-01,0
290,TCGA-AO-A12D-01,0
291,TCGA-AO-A12F-01,0
292,TCGA-AO-A12H-01,5
293,TCGA-AO-A1KO-01,0
294,TCGA-AO-A1KP-01,5
295,TCGA-AO-A1KR-01,0
296,TCGA-AO-A1KS-01,5
297,TCGA-AO-A1KT-01,5
298,TCGA-AQ-A04H-01,5
299,TCGA-AQ-A04J-01,0
300,TCGA-AQ-A0Y5-01,5
301,TCGA-AQ-A1H2-01,5
302,TCGA-AQ-A1H3-01,0
303,TCGA-AQ-A54O-01,5
304,TCGA-AR-A0TS-01,0
305,TCGA-AR-A0TU-01,0
306,TCGA-AR-A0TX-01,5
307,TCGA-AR-A0TY-01,5
308,TCGA-AR-A0U0-01,0
309,TCGA-AR-A0U2-01,1
310,TCGA-AR-A0U3-01,5
311,TCGA-AR-A1AH-01,0
312,TCGA-AR-A1AI-01,0
313,TCGA-AR-A1AJ-01,0
314,TCGA-AR-A1AK-01,0
315,TCGA-AR-A1AL-01,0
316,TCGA-AR-A1AN-01,0
317,TCGA-AR-A1AO-01,0
318,TCGA-AR-A1AP-01,5
319,TCGA-AR-A1AQ-01,0
320,TCGA-AR-A1AR-01,0
321,TCGA-AR-A1AS-01,5
322,TCGA-AR-A1AT-01,5
323,TCGA-AR-A1AU-01,0
324,TCGA-AR-A1AV-01,5
325,TCGA-AR-A1AW-01,0
326,TCGA-AR-A1AX-01,0
327,TCGA-AR-A1AY-01,0
328,TCGA-AR-A24H-01,5
329,TCGA-AR-A24K-01,5
330,TCGA-AR-A24L-01,1
331,TCGA-AR-A24M-01,0
332,TCGA-AR-A24N-01,5
333,TCGA-AR-A24O-01,0
334,TCGA-AR-A24P-01,0
335,TCGA-AR-A24Q-01,0
336,TCGA-AR-A24R-01,5
337,TCGA-AR-A24S-01,0
338,TCGA-AR-A24T-01,0
339,TCGA-AR-A24U-01,0
340,TCGA-AR-A24V-01,0
341,TCGA-AR-A24W-01,0
342,TCGA-AR-A24X-01,5
343,TCGA-AR-A24Z-01,5
344,TCGA-AR-A250-01,5
345,TCGA-AR-A251-01,0
346,TCGA-AR-A252-01,0
347,TCGA-AR-A254-01,0
348,TCGA-AR-A255-01,0
349,TCGA-AR-A256-01,0
350,TCGA-AR-A2LE-01,0
351,TCGA-AR-A2LH-01,0
352,TCGA-AR-A2LK-01,5
353,TCGA-AR-A2LL-01,5
354,TCGA-AR-A2LM-01,0
355,TCGA-AR-A2LN-01,0
356,TCGA-AR-A2LO-01,0
357,TCGA-AR-A2LQ-01,0
358,TCGA-AR-A2LR-01,0
359,TCGA-AR-A5QM-01,5
360,TCGA-AR-A5QN-01,0
361,TCGA-AR-A5QP-01,0
362,TCGA-AR-A5QQ-01,0
363,TCGA-B6-A0I1-01,0
364,TCGA-B6-A0I2-01,0
365,TCGA-B6-A0I5-01,5
366,TCGA-B6-A0I6-01,0
367,TCGA-B6-A0I8-01,5
368,TCGA-B6-A0I9-01,5
369,TCGA-B6-A0IA-01,5
370,TCGA-B6-A0IB-01,5
371,TCGA-B6-A0IC-01,5
372,TCGA-B6-A0IE-01,5
373,TCGA-B6-A0IH-01,0
374,TCGA-B6-A0IJ-01,0
375,TCGA-B6-A0IK-01,0
376,TCGA-B6-A0IM-01,0
377,TCGA-B6-A0IN-01,5
378,TCGA-B6-A0RE-01,0
379,TCGA-B6-A0RG-01,5
380,TCGA-B6-A0RH-01,5
381,TCGA-B6-A0RI-01,5
382,TCGA-B6-A0RN-01,5
383,TCGA-B6-A0RO-01,5
384,TCGA-B6-A0RP-01,5
385,TCGA-B6-A0RQ-01,0
386,TCGA-B6-A0RT-01,0
387,TCGA-B6-A0RU-01,0
388,TCGA-B6-A0RV-01,5
389,TCGA-B6-A0WS-01,5
390,TCGA-B6-A0WT-01,5
391,TCGA-B6-A0WV-01,5
392,TCGA-B6-A0WW-01,5
393,TCGA-B6-A0WX-01,0
394,TCGA-B6-A0WY-01,0
395,TCGA-B6-A0WZ-01,5
396,TCGA-B6-A0X0-01,5
397,TCGA-B6-A0X1-01,0
398,TCGA-B6-A0X4-01,1
399,TCGA-B6-A0X5-01,5
400,TCGA-B6-A1KC-01,1
401,TCGA-B6-A1KF-01,0
402,TCGA-B6-A1KI-01,5
403,TCGA-B6-A1KN-01,5
404,TCGA-B6-A2IU-01,5
405,TCGA-B6-A401-01,0
406,TCGA-B6-A409-01,0
407,TCGA-B6-A40B-01,5
408,TCGA-B6-A40C-01,5
409,TCGA-BH-A0AU-01,5
410,TCGA-BH-A0AV-01,0
411,TCGA-BH-A0AW-01,5
412,TCGA-BH-A0AY-01,5
413,TCGA-BH-A0AZ-01,0
414,TCGA-BH-A0B0-01,0
415,TCGA-BH-A0B1-01,0
416,TCGA-BH-A0B3-01,0
417,TCGA-BH-A0B4-01,5
418,TCGA-BH-A0B5-01,5
419,TCGA-BH-A0B6-01,5
420,TCGA-BH-A0B7-01,0
421,TCGA-BH-A0B8-01,1
422,TCGA-BH-A0B9-01,0
423,TCGA-BH-A0BA-01,5
424,TCGA-BH-A0BC-01,0
425,TCGA-BH-A0BD-01,0
426,TCGA-BH-A0BF-01,0
427,TCGA-BH-A0BG-01,0
428,TCGA-BH-A0BJ-01,0
429,TCGA-BH-A0BL-01,0
430,TCGA-BH-A0BM-01,0
431,TCGA-BH-A0BO-01,0
432,TCGA-BH-A0BP-01,0
433,TCGA-BH-A0BQ-01,0
434,TCGA-BH-A0BR-01,0
435,TCGA-BH-A0BS-01,5
436,TCGA-BH-A0BT-01,5
437,TCGA-BH-A0BV-01,5
438,TCGA-BH-A0BW-01,0
439,TCGA-BH-A0BZ-01,5
440,TCGA-BH-A0C0-01,5
441,TCGA-BH-A0C1-01,5
442,TCGA-BH-A0C3-01,0
443,TCGA-BH-A0C7-01,0
444,TCGA-BH-A0DD-01,5
445,TCGA-BH-A0DE-01,0
446,TCGA-BH-A0DG-01,0
447,TCGA-BH-A0DH-01,5
448,TCGA-BH-A0DI-01,0
449,TCGA-BH-A0DK-01,0
450,TCGA-BH-A0DL-01,0
451,TCGA-BH-A0DO-01,0
452,TCGA-BH-A0DP-01,0
453,TCGA-BH-A0DQ-01,5
454,TCGA-BH-A0DS-01,5
455,TCGA-BH-A0DT-01,0
456,TCGA-BH-A0DV-01,0
457,TCGA-BH-A0DX-01,0
458,TCGA-BH-A0DZ-01,0
459,TCGA-BH-A0E0-01,0
460,TCGA-BH-A0E1-01,0
461,TCGA-BH-A0E2-01,0
462,TCGA-BH-A0E7-01,5
463,TCGA-BH-A0E9-01,0
464,TCGA-BH-A0EA-01,0
465,TCGA-BH-A0EB-01,0
466,TCGA-BH-A0EE-01,0
467,TCGA-BH-A0EI-01,0
468,TCGA-BH-A0GY-01,0
469,TCGA-BH-A0GZ-01,0
470,TCGA-BH-A0H0-01,5
471,TCGA-BH-A0H3-01,0
472,TCGA-BH-A0H5-01,0
473,TCGA-BH-A0H6-01,5
474,TCGA-BH-A0H7-01,5
475,TCGA-BH-A0H9-01,5
476,TCGA-BH-A0HA-01,0
477,TCGA-BH-A0HB-01,5
478,TCGA-BH-A0HF-01,0
479,TCGA-BH-A0HI-01,5
480,TCGA-BH-A0HK-01,0
481,TCGA-BH-A0HL-01,1
482,TCGA-BH-A0HN-01,5
483,TCGA-BH-A0HO-01,0
484,TCGA-BH-A0HP-01,5
485,TCGA-BH-A0HQ-01,5
486,TCGA-BH-A0HU-01,5
487,TCGA-BH-A0HW-01,5
488,TCGA-BH-A0HX-01,0
489,TCGA-BH-A0HY-01,5
490,TCGA-BH-A0RX-01,0
491,TCGA-BH-A0W3-01,5
492,TCGA-BH-A0W4-01,0
493,TCGA-BH-A0W5-01,0
494,TCGA-BH-A0W7-01,5
495,TCGA-BH-A0WA-01,0
496,TCGA-BH-A18F-01,5
497,TCGA-BH-A18G-01,0
498,TCGA-BH-A18H-01,5
499,TCGA-BH-A18I-01,0
500,TCGA-BH-A18J-01,0
501,TCGA-BH-A18K-01,5
502,TCGA-BH-A18L-01,5
503,TCGA-BH-A18M-01,0
504,TCGA-BH-A18N-01,5
505,TCGA-BH-A18P-01,5
506,TCGA-BH-A18Q-01,0
507,TCGA-BH-A18R-01,5
508,TCGA-BH-A18S-01,5
509,TCGA-BH-A18T-01,0
510,TCGA-BH-A18U-01,5
511,TCGA-BH-A18V-01,0
512,TCGA-BH-A1EN-01,0
513,TCGA-BH-A1EO-01,0
514,TCGA-BH-A1ES-01,0
515,TCGA-BH-A1ET-01,5
516,TCGA-BH-A1EU-01,0
517,TCGA-BH-A1EV-01,5
518,TCGA-BH-A1EW-01,5
519,TCGA-BH-A1EX-01,0
520,TCGA-BH-A1EY-01,5
521,TCGA-BH-A1F0-01,0
522,TCGA-BH-A1F2-01,0
523,TCGA-BH-A1F5-01,5
524,TCGA-BH-A1F6-01,0
525,TCGA-BH-A1F8-01,5
526,TCGA-BH-A1FC-01,0
527,TCGA-BH-A1FD-01,5
528,TCGA-BH-A1FE-01,0
529,TCGA-BH-A1FG-01,5
530,TCGA-BH-A1FH-01,0
531,TCGA-BH-A1FJ-01,5
532,TCGA-BH-A1FL-01,5
533,TCGA-BH-A1FM-01,0
534,TCGA-BH-A1FN-01,0
535,TCGA-BH-A1FR-01,1
536,TCGA-BH-A1FU-01,0
537,TCGA-BH-A201-01,0
538,TCGA-BH-A202-01,0
539,TCGA-BH-A203-01,0
540,TCGA-BH-A204-01,1
541,TCGA-BH-A208-01,0
542,TCGA-BH-A209-01,0
543,TCGA-BH-A28Q-01,5
544,TCGA-BH-A2L8-01,0
545,TCGA-BH-A42U-01,0
546,TCGA-BH-A42V-01,0
547,TCGA-BH-A5IZ-01,0
548,TCGA-BH-A5J0-01,5
549,TCGA-C8-A12K-01,0
550,TCGA-C8-A12L-01,0
551,TCGA-C8-A12M-01,5
552,TCGA-C8-A12N-01,5
553,TCGA-C8-A12O-01,0
554,TCGA-C8-A12P-01,0
555,TCGA-C8-A12Q-01,0
556,TCGA-C8-A12T-01,5
557,TCGA-C8-A12U-01,5
558,TCGA-C8-A12V-01,0
559,TCGA-C8-A12W-01,5
560,TCGA-C8-A12X-01,5
561,TCGA-C8-A12Y-01,5
562,TCGA-C8-A12Z-01,5
563,TCGA-C8-A130-01,5
564,TCGA-C8-A131-01,0
565,TCGA-C8-A132-01,0
566,TCGA-C8-A133-01,5
567,TCGA-C8-A134-01,0
568,TCGA-C8-A135-01,0
569,TCGA-C8-A137-01,5
570,TCGA-C8-A138-01,5
571,TCGA-C8-A1HE-01,5
572,TCGA-C8-A1HF-01,5
573,TCGA-C8-A1HG-01,1
574,TCGA-C8-A1HI-01,0
575,TCGA-C8-A1HJ-01,0
576,TCGA-C8-A1HK-01,5
577,TCGA-C8-A1HL-01,5
578,TCGA-C8-A1HM-01,5
579,TCGA-C8-A1HN-01,5
580,TCGA-C8-A1HO-01,5
581,TCGA-C8-A26V-01,5
582,TCGA-C8-A26W-01,0
583,TCGA-C8-A26X-01,0
584,TCGA-C8-A26Y-01,0
585,TCGA-C8-A26Z-01,5
586,TCGA-C8-A273-01,5
587,TCGA-C8-A274-01,5
588,TCGA-C8-A275-01,0
589,TCGA-C8-A278-01,0
590,TCGA-C8-A27A-01,1
591,TCGA-C8-A27B-01,0
592,TCGA-C8-A3M7-01,0
593,TCGA-C8-A3M8-01,5
594,TCGA-D8-A13Y-01,1
595,TCGA-D8-A13Z-01,0
596,TCGA-D8-A140-01,5
597,TCGA-D8-A141-01,0
598,TCGA-D8-A142-01,0
599,TCGA-D8-A143-01,0
600,TCGA-D8-A145-01,0
601,TCGA-D8-A146-01,0
602,TCGA-D8-A147-01,0
603,TCGA-D8-A1J8-01,0
604,TCGA-D8-A1J9-01,5
605,TCGA-D8-A1JA-01,0
606,TCGA-D8-A1JB-01,0
607,TCGA-D8-A1JC-01,5
608,TCGA-D8-A1JD-01,5
609,TCGA-D8-A1JE-01,5
610,TCGA-D8-A1JF-01,0
611,TCGA-D8-A1JG-01,0
612,TCGA-D8-A1JH-01,0
613,TCGA-D8-A1JI-01,5
614,TCGA-D8-A1JJ-01,0
615,TCGA-D8-A1JK-01,0
616,TCGA-D8-A1JL-01,0
617,TCGA-D8-A1JM-01,0
618,TCGA-D8-A1JN-01,5
619,TCGA-D8-A1JP-01,0
620,TCGA-D8-A1JS-01,5
621,TCGA-D8-A1JT-01,5
622,TCGA-D8-A1JU-01,0
623,TCGA-D8-A1X5-01,5
624,TCGA-D8-A1X6-01,5
625,TCGA-D8-A1X7-01,5
626,TCGA-D8-A1X8-01,5
627,TCGA-D8-A1X9-01,5
628,TCGA-D8-A1XA-01,5
629,TCGA-D8-A1XB-01,5
630,TCGA-D8-A1XC-01,5
631,TCGA-D8-A1XF-01,5
632,TCGA-D8-A1XG-01,1
633,TCGA-D8-A1XJ-01,0
634,TCGA-D8-A1XK-01,0
635,TCGA-D8-A1XL-01,5
636,TCGA-D8-A1XM-01,0
637,TCGA-D8-A1XO-01,5
638,TCGA-D8-A1XQ-01,0
639,TCGA-D8-A1XR-01,5
640,TCGA-D8-A1XS-01,5
641,TCGA-D8-A1XT-01,0
642,TCGA-D8-A1XU-01,0
643,TCGA-D8-A1XV-01,5
644,TCGA-D8-A1XW-01,0
645,TCGA-D8-A1XY-01,5
646,TCGA-D8-A1XZ-01,5
647,TCGA-D8-A1Y0-01,0
648,TCGA-D8-A1Y1-01,5
649,TCGA-D8-A1Y2-01,0
650,TCGA-D8-A1Y3-01,5
651,TCGA-D8-A27E-01,1
652,TCGA-D8-A27F-01,0
653,TCGA-D8-A27G-01,5
654,TCGA-D8-A27I-01,0
655,TCGA-D8-A27K-01,0
656,TCGA-D8-A27L-01,0
657,TCGA-D8-A27M-01,0
658,TCGA-D8-A27N-01,0
659,TCGA-D8-A27P-01,5
660,TCGA-D8-A27R-01,5
661,TCGA-D8-A27T-01,0
662,TCGA-D8-A27V-01,0
663,TCGA-D8-A27W-01,5
664,TCGA-D8-A3Z6-01,5
665,TCGA-D8-A4Z1-01,0
666,TCGA-E2-A10A-01,5
667,TCGA-E2-A10C-01,5
668,TCGA-E2-A14N-01,0
669,TCGA-E2-A14O-01,5
670,TCGA-E2-A14P-01,0
671,TCGA-E2-A14Q-01,5
672,TCGA-E2-A14R-01,0
673,TCGA-E2-A14T-01,1
674,TCGA-E2-A14V-01,5
675,TCGA-E2-A14W-01,5
676,TCGA-E2-A14X-01,0
677,TCGA-E2-A14Y-01,0
678,TCGA-E2-A14Z-01,5
679,TCGA-E2-A150-01,0
680,TCGA-E2-A152-01,5
681,TCGA-E2-A153-01,5
682,TCGA-E2-A154-01,5
683,TCGA-E2-A155-01,5
684,TCGA-E2-A156-01,5
685,TCGA-E2-A158-01,0
686,TCGA-E2-A159-01,0
687,TCGA-E2-A15A-01,5
688,TCGA-E2-A15C-01,5
689,TCGA-E2-A15D-01,0
690,TCGA-E2-A15E-01,5
691,TCGA-E2-A15G-01,5
692,TCGA-E2-A15H-01,5
693,TCGA-E2-A15I-01,0
694,TCGA-E2-A15J-01,5
695,TCGA-E2-A15K-01,5
696,TCGA-E2-A15L-01,5
697,TCGA-E2-A15M-01,0
698,TCGA-E2-A15O-01,5
699,TCGA-E2-A15P-01,0
700,TCGA-E2-A15R-01,5
701,TCGA-E2-A15S-01,5
702,TCGA-E2-A15T-01,5
703,TCGA-E2-A1AZ-01,0
704,TCGA-E2-A1B0-01,0
705,TCGA-E2-A1B1-01,0
706,TCGA-E2-A1B4-01,5
707,TCGA-E2-A1B5-01,0
708,TCGA-E2-A1B6-01,0
709,TCGA-E2-A1BC-01,5
710,TCGA-E2-A1BD-01,5
711,TCGA-E2-A1IE-01,5
712,TCGA-E2-A1IF-01,0
713,TCGA-E2-A1IG-01,0
714,TCGA-E2-A1IH-01,0
715,TCGA-E2-A1II-01,0
716,TCGA-E2-A1IJ-01,0
717,TCGA-E2-A1IK-01,0
718,TCGA-E2-A1IL-01,5
719,TCGA-E2-A1IN-01,5
720,TCGA-E2-A1IO-01,0
721,TCGA-E2-A1IU-01,5
722,TCGA-E2-A1L6-01,5
723,TCGA-E2-A1L7-01,1
724,TCGA-E2-A1L8-01,5
725,TCGA-E2-A1L9-01,0
726,TCGA-E2-A1LA-01,5
727,TCGA-E2-A1LB-01,5
728,TCGA-E2-A1LG-01,0
729,TCGA-E2-A1LH-01,0
730,TCGA-E2-A1LI-01,0
731,TCGA-E2-A1LK-01,0
732,TCGA-E2-A1LL-01,0
733,TCGA-E2-A1LS-01,0
734,TCGA-E2-A2P6-01,5
735,TCGA-E2-A56Z-01,5
736,TCGA-E2-A570-01,5
737,TCGA-E2-A573-01,0
738,TCGA-E2-A574-01,0
739,TCGA-E9-A1N3-01,1
740,TCGA-E9-A1N4-01,0
741,TCGA-E9-A1N5-01,5
742,TCGA-E9-A1N8-01,0
743,TCGA-E9-A1N9-01,0
744,TCGA-E9-A1NA-01,0
745,TCGA-E9-A1NC-01,0
746,TCGA-E9-A1ND-01,0
747,TCGA-E9-A1NE-01,0
748,TCGA-E9-A1NF-01,0
749,TCGA-E9-A1NG-01,0
750,TCGA-E9-A1NH-01,0
751,TCGA-E9-A1NI-01,5
752,TCGA-E9-A1QZ-01,0
753,TCGA-E9-A1R0-01,5
754,TCGA-E9-A1R2-01,5
755,TCGA-E9-A1R3-01,0
756,TCGA-E9-A1R4-01,5
757,TCGA-E9-A1R5-01,5
758,TCGA-E9-A1R6-01,5
759,TCGA-E9-A1R7-01,5
760,TCGA-E9-A1RA-01,0
761,TCGA-E9-A1RB-01,0
762,TCGA-E9-A1RC-01,5
763,TCGA-E9-A1RD-01,5
764,TCGA-E9-A1RE-01,5
765,TCGA-E9-A1RF-01,0
766,TCGA-E9-A1RG-01,5
767,TCGA-E9-A1RH-01,0
768,TCGA-E9-A1RI-01,0
769,TCGA-E9-A226-01,5
770,TCGA-E9-A227-01,0
771,TCGA-E9-A228-01,5
772,TCGA-E9-A229-01,0
773,TCGA-E9-A22A-01,0
774,TCGA-E9-A22B-01,0
775,TCGA-E9-A22D-01,5
776,TCGA-E9-A22E-01,0
777,TCGA-E9-A22G-01,0
778,TCGA-E9-A22H-01,5
779,TCGA-E9-A243-01,0
780,TCGA-E9-A244-01,0
781,TCGA-E9-A245-01,1
782,TCGA-E9-A247-01,5
783,TCGA-E9-A248-01,0
784,TCGA-E9-A249-01,5
785,TCGA-E9-A24A-01,0
786,TCGA-E9-A295-01,5
787,TCGA-E9-A2JS-01,5
788,TCGA-E9-A2JT-01,0
789,TCGA-E9-A3HO-01,5
790,TCGA-E9-A3QA-01,0
791,TCGA-E9-A3X8-01,5
792,TCGA-E9-A54Y-01,5
793,TCGA-E9-A5FK-01,5
794,TCGA-E9-A5FL-01,0
795,TCGA-E9-A5UO-01,5
796,TCGA-EW-A1IW-01,0
797,TCGA-EW-A1IX-01,5
798,TCGA-EW-A1IY-01,0
799,TCGA-EW-A1IZ-01,5
800,TCGA-EW-A1J1-01,5
801,TCGA-EW-A1J2-01,0
802,TCGA-EW-A1J3-01,5
803,TCGA-EW-A1J5-01,5
804,TCGA-EW-A1J6-01,0
805,TCGA-EW-A1OV-01,0
806,TCGA-EW-A1OX-01,5
807,TCGA-EW-A1OY-01,5
808,TCGA-EW-A1OZ-01,5
809,TCGA-EW-A1P0-01,5
810,TCGA-EW-A1P3-01,5
811,TCGA-EW-A1P4-01,0
812,TCGA-EW-A1P5-01,5
813,TCGA-EW-A1P6-01,5
814,TCGA-EW-A1P7-01,0
815,TCGA-EW-A1P8-01,0
816,TCGA-EW-A1PA-01,5
817,TCGA-EW-A1PB-01,0
818,TCGA-EW-A1PD-01,0
819,TCGA-EW-A1PE-01,5
820,TCGA-EW-A1PG-01,0
821,TCGA-EW-A1PH-01,0
822,TCGA-EW-A2FR-01,0
823,TCGA-EW-A2FS-01,5
824,TCGA-EW-A2FV-01,0
825,TCGA-EW-A2FW-01,5
826,TCGA-EW-A423-01,5
827,TCGA-GI-A2C8-01,0
828,TCGA-GM-A2D9-01,5
829,TCGA-GM-A2DA-01,5
830,TCGA-GM-A2DB-01,0
831,TCGA-GM-A2DC-01,5
832,TCGA-GM-A2DD-01,0
833,TCGA-GM-A2DF-01,0
834,TCGA-GM-A2DH-01,1
835,TCGA-GM-A2DI-01,0
836,TCGA-GM-A2DK-01,5
837,TCGA-GM-A2DL-01,5
838,TCGA-GM-A2DM-01,0
839,TCGA-GM-A2DN-01,0
840,TCGA-GM-A2DO-01,5
841,TCGA-GM-A3NW-01,5
842,TCGA-GM-A3XL-01,0
843,TCGA-GM-A4E0-01,0
844,TCGA-GM-A5PV-01,5
845,TCGA-GM-A5PX-01,5
846,TCGA-HN-A2NL-01,1
847,TCGA-HN-A2OB-01,0
848,TCGA-JL-A3YX-01,5
849,TCGA-LL-A440-01,0
850,TCGA-LL-A50Y-01,5
851,TCGA-LL-A5YL-01,5
852,TCGA-LL-A5YM-01,5
853,TCGA-LL-A5YN-01,5
854,TCGA-LL-A5YO-01,0
855,TCGA-LL-A5YP-01,0
856,TCGA-OK-A5Q2-01,5
857,TCGA-OL-A5D6-01,0
858,TCGA-OL-A5D7-01,0
859,TCGA-OL-A5D8-01,5
860,TCGA-OL-A5DA-01,5
861,TCGA-OL-A5RU-01,5
862,TCGA-OL-A5RV-01,5
863,TCGA-OL-A5RW-01,0
864,TCGA-OL-A5RX-01,0
865,TCGA-OL-A5RY-01,0
866,TCGA-OL-A5RZ-01,5
867,TCGA-OL-A5S0-01,0
868,TCGA-OL-A66H-01,5
869,TCGA-OL-A66I-01,0
870,TCGA-OL-A66J-01,5
871,TCGA-OL-A66K-01,5
872,TCGA-PE-A5DC-01,5
873,TCGA-PE-A5DD-01,5
874,TCGA-PE-A5DE-01,5
875,TCGA-A6-2672-01,4
876,TCGA-A6-2674-01,4
877,TCGA-A6-2677-01,4
878,TCGA-A6-3807-01,4
879,TCGA-A6-3808-01,4
880,TCGA-A6-3810-01,4
881,TCGA-AA-3530-01,4
882,TCGA-AA-3664-01,4
883,TCGA-AA-3666-01,4
884,TCGA-AA-3667-01,4
885,TCGA-AA-3672-01,4
886,TCGA-AA-3673-01,4
887,TCGA-AA-3678-01,4
888,TCGA-AA-3679-01,4
889,TCGA-AA-3680-01,4
890,TCGA-AA-3681-01,4
891,TCGA-AA-3684-01,4
892,TCGA-AA-3688-01,4
893,TCGA-AA-3692-01,4
894,TCGA-AA-3693-01,4
895,TCGA-AA-3696-01,4
896,TCGA-AA-3715-01,4
897,TCGA-AA-3811-01,4
898,TCGA-AA-3812-01,4
899,TCGA-AA-3814-01,4
900,TCGA-AA-3818-01,4
901,TCGA-AA-3819-01,4
902,TCGA-AA-3821-01,4
903,TCGA-AA-3831-01,4
904,TCGA-AA-3833-01,4
905,TCGA-AA-3837-01,4
906,TCGA-AA-3842-01,4
907,TCGA-AA-3844-01,4
908,TCGA-AA-3845-01,4
909,TCGA-AA-3846-01,4
910,TCGA-AA-3848-01,4
911,TCGA-AA-3850-01,4
912,TCGA-AA-3851-01,4
913,TCGA-AA-3852-01,4
914,TCGA-AA-3854-01,4
915,TCGA-AA-3855-01,4
916,TCGA-AA-3856-01,4
917,TCGA-AA-3858-01,4
918,TCGA-AA-3860-01,4
919,TCGA-AA-3864-01,4
920,TCGA-AA-3866-01,4
921,TCGA-AA-3867-01,4
922,TCGA-AA-3869-01,4
923,TCGA-AA-3870-01,4
924,TCGA-AA-3872-01,4
925,TCGA-AA-3875-01,4
926,TCGA-AA-3877-01,4
927,TCGA-AA-3930-01,4
928,TCGA-AA-3939-01,4
929,TCGA-AA-3941-01,4
930,TCGA-AA-3947-01,4
931,TCGA-AA-3949-01,4
932,TCGA-AA-3952-01,4
933,TCGA-AA-3955-01,4
934,TCGA-AA-3956-01,4
935,TCGA-AA-3966-01,4
936,TCGA-AA-3971-01,4
937,TCGA-AA-3972-01,4
938,TCGA-AA-3973-01,4
939,TCGA-AA-3975-01,4
940,TCGA-AA-3976-01,4
941,TCGA-AA-3977-01,4
942,TCGA-AA-3979-01,4
943,TCGA-AA-3980-01,4
944,TCGA-AA-3982-01,4
945,TCGA-AA-3984-01,4
946,TCGA-AA-3986-01,4
947,TCGA-AA-3989-01,4
948,TCGA-AA-3994-01,4
949,TCGA-AA-A004-01,4
950,TCGA-AA-A00N-01,4
951,TCGA-AA-A010-01,4
952,TCGA-AA-A017-01,4
953,TCGA-AA-A01I-01,4
954,TCGA-AA-A01P-01,4
955,TCGA-AA-A01R-01,4
956,TCGA-AA-A01S-01,4
957,TCGA-AA-A01T-01,4
958,TCGA-AA-A01V-01,4
959,TCGA-AA-A01X-01,4
960,TCGA-AA-A01Z-01,4
961,TCGA-AA-A022-01,4
962,TCGA-AA-A024-01,4
963,TCGA-AA-A02F-01,4
964,TCGA-AA-A02H-01,4
965,TCGA-AA-A02O-01,4
966,TCGA-AA-A02W-01,4
967,TCGA-AA-A03F-01,4
968,TCGA-AA-A03J-01,4
969,TCGA-AY-4070-01,4
970,TCGA-AY-4071-01,4
971,TCGA-AA-3685-01,4
972,TCGA-AA-A02Y-01,4
973,TCGA-05-4249-01,0
974,TCGA-05-4382-01,0
975,TCGA-05-4384-01,0
976,TCGA-05-4389-01,0
977,TCGA-05-4390-01,0
978,TCGA-05-4395-01,0
979,TCGA-05-4396-01,0
980,TCGA-05-4398-01,0
981,TCGA-05-4402-01,0
982,TCGA-05-4403-01,4
983,TCGA-05-4405-01,0
984,TCGA-05-4410-01,0
985,TCGA-05-4415-01,2
986,TCGA-05-4417-01,0
987,TCGA-05-4418-01,0
988,TCGA-05-4420-01,0
989,TCGA-05-4422-01,4
990,TCGA-05-4424-01,0
991,TCGA-05-4425-01,0
992,TCGA-05-4426-01,0
993,TCGA-05-4430-01,0
994,TCGA-05-4432-01,1
995,TCGA-05-4433-01,4
996,TCGA-05-5420-01,0
997,TCGA-05-5423-01,0
998,TCGA-05-5428-01,0
999,TCGA-05-5429-01,4
1000,TCGA-05-5715-01,0
1001,TCGA-35-3615-01,0
1002,TCGA-38-4626-01,0
1003,TCGA-38-4627-01,0
1004,TCGA-38-4628-01,0
1005,TCGA-38-4631-01,0
1006,TCGA-38-4632-01,0
1007,TCGA-38-6178-01,0
1008,TCGA-44-2655-01,0
1009,TCGA-44-2656-01,0
1010,TCGA-44-2657-01,0
1011,TCGA-44-2659-01,0
1012,TCGA-44-2661-01,0
1013,TCGA-44-2662-01,0
1014,TCGA-44-2665-01,0
1015,TCGA-44-2666-01,0
1016,TCGA-44-3396-01,0
1017,TCGA-44-3919-01,0
1018,TCGA-44-4112-01,0
1019,TCGA-44-5645-01,0
1020,TCGA-44-6145-01,0
1021,TCGA-44-6146-01,4
1022,TCGA-44-6147-01,0
1023,TCGA-44-6774-01,0
1024,TCGA-44-6775-01,0
1025,TCGA-44-6776-01,0
1026,TCGA-44-6777-01,0
1027,TCGA-44-6779-01,0
1028,TCGA-44-7659-01,0
1029,TCGA-44-7662-01,0
1030,TCGA-44-7670-01,1
1031,TCGA-44-7671-01,0
1032,TCGA-44-7672-01,0
1033,TCGA-49-4486-01,0
1034,TCGA-49-4487-01,0
1035,TCGA-49-4488-01,0
1036,TCGA-49-4490-01,0
1037,TCGA-49-4494-01,0
1038,TCGA-49-4501-01,0
1039,TCGA-49-4505-01,0
1040,TCGA-49-4506-01,0
1041,TCGA-49-4507-01,0
1042,TCGA-49-4510-01,0
1043,TCGA-49-4512-01,0
1044,TCGA-49-4514-01,0
1045,TCGA-49-6742-01,4
1046,TCGA-49-6744-01,0
1047,TCGA-49-6745-01,0
1048,TCGA-49-6761-01,0
1049,TCGA-49-6767-01,0
1050,TCGA-50-5044-01,0
1051,TCGA-50-5049-01,0
1052,TCGA-50-5051-01,0
1053,TCGA-50-5055-01,0
1054,TCGA-50-5068-01,0
1055,TCGA-50-5072-01,0
1056,TCGA-50-5931-01,1
1057,TCGA-50-5932-01,0
1058,TCGA-50-5933-01,0
1059,TCGA-50-5935-01,0
1060,TCGA-50-5936-01,0
1061,TCGA-50-5939-01,0
1062,TCGA-50-5941-01,0
1063,TCGA-50-5942-01,0
1064,TCGA-50-5944-01,0
1065,TCGA-50-6593-01,0
1066,TCGA-50-6595-01,0
1067,TCGA-50-6597-01,0
1068,TCGA-50-6673-01,0
1069,TCGA-50-7109-01,0
1070,TCGA-53-7626-01,0
1071,TCGA-53-7813-01,0
1072,TCGA-55-1592-01,1
1073,TCGA-55-1594-01,1
1074,TCGA-55-1596-01,0
1075,TCGA-55-6543-01,0
1076,TCGA-55-6642-01,0
1077,TCGA-55-6712-01,0
1078,TCGA-55-6970-01,0
1079,TCGA-55-6971-01,0
1080,TCGA-55-6972-01,0
1081,TCGA-55-6978-01,0
1082,TCGA-55-6979-01,0
1083,TCGA-55-6980-01,0
1084,TCGA-55-6981-01,0
1085,TCGA-55-6982-01,0
1086,TCGA-55-6983-01,1
1087,TCGA-55-6985-01,0
1088,TCGA-55-6986-01,0
1089,TCGA-55-7281-01,0
1090,TCGA-55-7283-01,0
1091,TCGA-55-7573-01,0
1092,TCGA-55-7574-01,0
1093,TCGA-55-7576-01,0
1094,TCGA-55-7724-01,0
1095,TCGA-55-7725-01,0
1096,TCGA-55-7726-01,0
1097,TCGA-55-7727-01,0
1098,TCGA-55-7728-01,4
1099,TCGA-55-7815-01,0
1100,TCGA-55-7903-01,0
1101,TCGA-55-7907-01,0
1102,TCGA-55-7911-01,0
1103,TCGA-55-7914-01,0
1104,TCGA-64-1676-01,0
1105,TCGA-64-1677-01,0
1106,TCGA-64-1679-01,0
1107,TCGA-64-1680-01,0
1108,TCGA-64-1681-01,0
1109,TCGA-64-5774-01,1
1110,TCGA-64-5775-01,2
1111,TCGA-64-5778-01,0
1112,TCGA-64-5781-01,0
1113,TCGA-67-3771-01,1
1114,TCGA-67-3772-01,0
1115,TCGA-67-3773-01,0
1116,TCGA-67-3774-01,0
1117,TCGA-67-6215-01,0
1118,TCGA-67-6216-01,0
1119,TCGA-67-6217-01,0
1120,TCGA-69-7760-01,0
1121,TCGA-69-7761-01,4
1122,TCGA-69-7763-01,0
1123,TCGA-69-7764-01,0
1124,TCGA-69-7765-01,0
1125,TCGA-69-7980-01,0
1126,TCGA-71-6725-01,0
1127,TCGA-73-4658-01,0
1128,TCGA-73-4659-01,1
1129,TCGA-73-4662-01,0
1130,TCGA-73-4675-01,0
1131,TCGA-73-4676-01,0
1132,TCGA-73-7498-01,0
1133,TCGA-73-7499-01,0
1134,TCGA-75-5122-01,2
1135,TCGA-75-5126-01,0
1136,TCGA-75-5146-01,0
1137,TCGA-75-5147-01,1
1138,TCGA-75-6203-01,0
1139,TCGA-75-6205-01,0
1140,TCGA-75-6207-01,0
1141,TCGA-75-6211-01,1
1142,TCGA-75-6212-01,0
1143,TCGA-75-6214-01,0
1144,TCGA-75-7025-01,0
1145,TCGA-75-7027-01,0
1146,TCGA-75-7031-01,0
1147,TCGA-78-7145-01,0
1148,TCGA-78-7147-01,0
1149,TCGA-78-7148-01,0
1150,TCGA-78-7149-01,0
1151,TCGA-78-7150-01,0
1152,TCGA-78-7152-01,0
1153,TCGA-78-7153-01,0
1154,TCGA-78-7154-01,0
1155,TCGA-78-7155-01,0
1156,TCGA-78-7156-01,0
1157,TCGA-78-7158-01,0
1158,TCGA-78-7159-01,1
1159,TCGA-78-7160-01,0
1160,TCGA-78-7161-01,0
1161,TCGA-78-7162-01,0
1162,TCGA-78-7163-01,0
1163,TCGA-78-7166-01,0
1164,TCGA-78-7167-01,0
1165,TCGA-78-7535-01,0
1166,TCGA-78-7536-01,1
1167,TCGA-78-7537-01,0
1168,TCGA-78-7539-01,0
1169,TCGA-78-7540-01,4
1170,TCGA-78-7542-01,0
1171,TCGA-78-7633-01,0
1172,TCGA-80-5607-01,0
1173,TCGA-80-5608-01,0
1174,TCGA-86-6562-01,0
1175,TCGA-86-6851-01,0
1176,TCGA-86-7713-01,0
1177,TCGA-86-7714-01,0
1178,TCGA-91-6828-01,0
1179,TCGA-91-6829-01,0
1180,TCGA-91-6835-01,1
1181,TCGA-91-6840-01,0
1182,TCGA-91-6847-01,0
1183,TCGA-91-6849-01,0
1184,TCGA-91-7771-01,4
1185,TCGA-93-7347-01,0
1186,TCGA-93-7348-01,0
1187,TCGA-95-7039-01,0
1188,TCGA-95-7043-01,0
1189,TCGA-95-7567-01,0
1190,TCGA-95-7947-01,0
1191,TCGA-95-7948-01,0
1192,TCGA-97-7546-01,0
1193,TCGA-97-7552-01,4
1194,TCGA-97-7553-01,0
1195,TCGA-97-7554-01,0
1196,TCGA-97-7937-01,0
1197,TCGA-97-7938-01,0
1198,TCGA-97-7941-01,4
1199,TCGA-99-7458-01,1
1200,TCGA-18-3406-01,0
1201,TCGA-18-3407-01,0
1202,TCGA-18-3408-01,0
1203,TCGA-18-3409-01,0
1204,TCGA-18-3410-01,0
1205,TCGA-18-3411-01,0
1206,TCGA-18-3412-01,0
1207,TCGA-18-3414-01,0
1208,TCGA-18-3415-01,0
1209,TCGA-18-3416-01,0
1210,TCGA-18-3417-01,0
1211,TCGA-18-3419-01,0
1212,TCGA-18-3421-01,0
1213,TCGA-18-4083-01,0
1214,TCGA-18-4086-01,0
1215,TCGA-18-4721-01,0
1216,TCGA-18-5592-01,0
1217,TCGA-18-5595-01,0
1218,TCGA-21-1070-01,0
1219,TCGA-21-1071-01,0
1220,TCGA-21-1076-01,0
1221,TCGA-21-1077-01,0
1222,TCGA-21-1078-01,0
1223,TCGA-21-1081-01,0
1224,TCGA-21-5782-01,0
1225,TCGA-21-5784-01,0
1226,TCGA-21-5786-01,0
1227,TCGA-21-5787-01,0
1228,TCGA-22-0944-01,0
1229,TCGA-22-1002-01,0
1230,TCGA-22-1011-01,0
1231,TCGA-22-1012-01,0
1232,TCGA-22-1016-01,0
1233,TCGA-22-4591-01,0
1234,TCGA-22-4593-01,0
1235,TCGA-22-4595-01,0
1236,TCGA-22-4599-01,0
1237,TCGA-22-4601-01,0
1238,TCGA-22-4604-01,0
1239,TCGA-22-4607-01,0
1240,TCGA-22-4613-01,0
1241,TCGA-22-5471-01,0
1242,TCGA-22-5472-01,0
1243,TCGA-22-5473-01,0
1244,TCGA-22-5474-01,0
1245,TCGA-22-5477-01,0
1246,TCGA-22-5478-01,1
1247,TCGA-22-5480-01,0
1248,TCGA-22-5482-01,0
1249,TCGA-22-5485-01,0
1250,TCGA-22-5489-01,1
1251,TCGA-22-5491-01,0
1252,TCGA-22-5492-01,0
1253,TCGA-33-4532-01,0
1254,TCGA-33-4533-01,1
1255,TCGA-33-4538-01,0
1256,TCGA-33-4547-01,0
1257,TCGA-33-4566-01,0
1258,TCGA-33-4582-01,0
1259,TCGA-33-4583-01,0
1260,TCGA-33-4586-01,0
1261,TCGA-33-6737-01,0
1262,TCGA-34-2596-01,1
1263,TCGA-34-2600-01,0
1264,TCGA-34-2608-01,0
1265,TCGA-34-5231-01,0
1266,TCGA-34-5232-01,0
1267,TCGA-34-5234-01,0
1268,TCGA-34-5236-01,0
1269,TCGA-34-5239-01,0
1270,TCGA-34-5240-01,0
1271,TCGA-34-5241-01,0
1272,TCGA-34-5927-01,1
1273,TCGA-34-5928-01,0
1274,TCGA-34-5929-01,1
1275,TCGA-37-3783-01,0
1276,TCGA-37-3789-01,0
1277,TCGA-37-4133-01,0
1278,TCGA-37-4135-01,0
1279,TCGA-37-4141-01,0
1280,TCGA-37-5819-01,1
1281,TCGA-39-5016-01,0
1282,TCGA-39-5019-01,0
1283,TCGA-39-5021-01,0
1284,TCGA-39-5022-01,0
1285,TCGA-39-5024-01,0
1286,TCGA-39-5027-01,0
1287,TCGA-39-5028-01,0
1288,TCGA-39-5029-01,0
1289,TCGA-39-5030-01,0
1290,TCGA-39-5031-01,0
1291,TCGA-39-5035-01,0
1292,TCGA-39-5036-01,0
1293,TCGA-39-5037-01,0
1294,TCGA-39-5039-01,0
1295,TCGA-43-2578-01,0
1296,TCGA-43-3394-01,0
1297,TCGA-43-3920-01,0
1298,TCGA-43-5668-01,0
1299,TCGA-43-6143-01,1
1300,TCGA-43-6647-01,0
1301,TCGA-43-6770-01,0
1302,TCGA-43-6771-01,0
1303,TCGA-46-3765-01,0
1304,TCGA-46-3767-01,0
1305,TCGA-46-3768-01,0
1306,TCGA-46-3769-01,0
1307,TCGA-46-6025-01,0
1308,TCGA-46-6026-01,1
1309,TCGA-51-4079-01,0
1310,TCGA-51-4080-01,0
1311,TCGA-51-4081-01,0
1312,TCGA-56-1622-01,0
1313,TCGA-56-5897-01,0
1314,TCGA-56-5898-01,0
1315,TCGA-56-6545-01,0
1316,TCGA-56-6546-01,0
1317,TCGA-60-2698-01,0
1318,TCGA-60-2707-01,0
1319,TCGA-60-2708-01,0
1320,TCGA-60-2709-01,0
1321,TCGA-60-2710-01,0
1322,TCGA-60-2711-01,0
1323,TCGA-60-2712-01,0
1324,TCGA-60-2713-01,0
1325,TCGA-60-2715-01,0
1326,TCGA-60-2719-01,0
1327,TCGA-60-2720-01,0
1328,TCGA-60-2721-01,0
1329,TCGA-60-2722-01,0
1330,TCGA-60-2723-01,0
1331,TCGA-60-2724-01,0
1332,TCGA-60-2725-01,0
1333,TCGA-60-2726-01,0
1334,TCGA-63-5128-01,0
1335,TCGA-63-5131-01,0
1336,TCGA-63-6202-01,0
1337,TCGA-66-2727-01,0
1338,TCGA-66-2734-01,0
1339,TCGA-66-2742-01,0
1340,TCGA-66-2744-01,0
1341,TCGA-66-2754-01,1
1342,TCGA-66-2755-01,0
1343,TCGA-66-2756-01,1
1344,TCGA-66-2757-01,1
1345,TCGA-66-2758-01,0
1346,TCGA-66-2759-01,0
1347,TCGA-66-2763-01,0
1348,TCGA-66-2765-01,0
1349,TCGA-66-2766-01,0
1350,TCGA-66-2767-01,0
1351,TCGA-66-2768-01,0
1352,TCGA-66-2770-01,0
1353,TCGA-66-2771-01,0
1354,TCGA-66-2773-01,0
1355,TCGA-66-2777-01,0
1356,TCGA-66-2778-01,0
1357,TCGA-66-2780-01,0
1358,TCGA-66-2781-01,0
1359,TCGA-66-2782-01,0
1360,TCGA-66-2783-01,0
1361,TCGA-66-2785-01,0
1362,TCGA-66-2786-01,0
1363,TCGA-66-2787-01,0
1364,TCGA-66-2788-01,0
1365,TCGA-66-2789-01,0
1366,TCGA-66-2791-01,0
1367,TCGA-66-2792-01,0
1368,TCGA-66-2793-01,1
1369,TCGA-66-2794-01,0
1370,TCGA-66-2795-01,0
1371,TCGA-66-2800-01,0
1372,TCGA-70-6722-01,0
1373,TCGA-70-6723-01,0
1374,TCGA-85-6175-01,0
1375,TCGA-85-6560-01,0
1376,TCGA-85-6561-01,0
1377,TCGA-BF-A1PU-01,3
1378,TCGA-BF-A1PV-01,3
1379,TCGA-BF-A1PX-01,3
1380,TCGA-BF-A1PZ-01,3
1381,TCGA-BF-A1Q0-01,3
1382,TCGA-BF-A3DJ-01,3
1383,TCGA-BF-A3DL-01,3
1384,TCGA-BF-A3DM-01,3
1385,TCGA-BF-A3DN-01,3
1386,TCGA-BF-A5EO-01,3
1387,TCGA-BF-A5EQ-01,3
1388,TCGA-D3-A1Q1-06,3
1389,TCGA-D3-A1Q3-06,3
1390,TCGA-D3-A1Q4-06,3
1391,TCGA-D3-A1Q5-06,3
1392,TCGA-D3-A1Q6-06,3
1393,TCGA-D3-A1Q7-06,3
1394,TCGA-D3-A1Q8-06,3
1395,TCGA-D3-A1Q9-06,3
1396,TCGA-D3-A1QA-06,3
1397,TCGA-D3-A1QB-06,3
1398,TCGA-D3-A2J6-06,3
1399,TCGA-D3-A2J7-06,3
1400,TCGA-D3-A2J8-06,2
1401,TCGA-D3-A2J9-06,3
1402,TCGA-D3-A2JA-06,3
1403,TCGA-D3-A2JB-06,3
1404,TCGA-D3-A2JC-06,3
1405,TCGA-D3-A2JD-06,3
1406,TCGA-D3-A2JF-06,3
1407,TCGA-D3-A2JG-06,3
1408,TCGA-D3-A2JH-06,3
1409,TCGA-D3-A2JK-06,3
1410,TCGA-D3-A2JL-06,3
1411,TCGA-D3-A2JN-06,3
1412,TCGA-D3-A2JO-06,3
1413,TCGA-D3-A2JP-06,3
1414,TCGA-D3-A3BZ-06,3
1415,TCGA-D3-A3C1-06,3
1416,TCGA-D3-A3C3-06,3
1417,TCGA-D3-A3C6-06,3
1418,TCGA-D3-A3C7-06,3
1419,TCGA-D3-A3C8-06,3
1420,TCGA-D3-A3CB-06,3
1421,TCGA-D3-A3CC-06,3
1422,TCGA-D3-A3CE-06,3
1423,TCGA-D3-A3CF-06,3
1424,TCGA-D3-A3ML-06,3
1425,TCGA-D3-A3MO-06,3
1426,TCGA-D3-A3MR-06,3
1427,TCGA-D3-A3MU-06,3
1428,TCGA-D3-A3MV-06,3
1429,TCGA-D3-A51E-06,3
1430,TCGA-D3-A51F-06,3
1431,TCGA-D3-A51G-06,3
1432,TCGA-D3-A51H-06,3
1433,TCGA-D3-A51J-06,3
1434,TCGA-D3-A51K-06,3
1435,TCGA-D3-A51N-06,3
1436,TCGA-D3-A51R-06,1
1437,TCGA-D3-A51T-06,3
1438,TCGA-D3-A5GN-06,3
1439,TCGA-D3-A5GO-06,3
1440,TCGA-D3-A5GR-06,3
1441,TCGA-D3-A5GS-06,3
1442,TCGA-D3-A5GT-01,3
1443,TCGA-D3-A5GU-06,3
1444,TCGA-D9-A148-06,3
1445,TCGA-D9-A149-06,3
1446,TCGA-D9-A1JW-06,3
1447,TCGA-D9-A1JX-06,3
1448,TCGA-D9-A3Z1-06,3
1449,TCGA-D9-A3Z3-06,3
1450,TCGA-D9-A3Z4-01,3
1451,TCGA-D9-A4Z2-01,3
1452,TCGA-D9-A4Z3-01,3
1453,TCGA-D9-A4Z5-01,3
1454,TCGA-D9-A6E9-06,3
1455,TCGA-D9-A6EA-06,3
1456,TCGA-D9-A6EC-06,3
1457,TCGA-DA-A1HV-06,3
1458,TCGA-DA-A1HW-06,3
1459,TCGA-DA-A1HY-06,3
1460,TCGA-DA-A1I0-06,3
1461,TCGA-DA-A1I1-06,3
1462,TCGA-DA-A1I2-06,3
1463,TCGA-DA-A1I4-06,3
1464,TCGA-DA-A1I5-06,3
1465,TCGA-DA-A1I7-06,3
1466,TCGA-DA-A1I8-06,3
1467,TCGA-DA-A1IA-06,3
1468,TCGA-DA-A1IC-06,3
1469,TCGA-DA-A3F3-06,3
1470,TCGA-DA-A3F5-06,3
1471,TCGA-DA-A3F8-06,3
1472,TCGA-EB-A1NK-01,3
1473,TCGA-EB-A24C-01,3
1474,TCGA-EB-A24D-01,3
1475,TCGA-EB-A299-01,3
1476,TCGA-EB-A3HV-01,3
1477,TCGA-EB-A3XB-01,3
1478,TCGA-EB-A3XC-01,3
1479,TCGA-EB-A3XD-01,0
1480,TCGA-EB-A3XE-01,3
1481,TCGA-EB-A3Y6-01,3
1482,TCGA-EB-A3Y7-01,3
1483,TCGA-EB-A41A-01,3
1484,TCGA-EB-A41B-01,3
1485,TCGA-EB-A42Y-01,3
1486,TCGA-EB-A42Z-01,3
1487,TCGA-EB-A430-01,3
1488,TCGA-EB-A431-01,3
1489,TCGA-EB-A44N-01,3
1490,TCGA-EB-A44O-01,3
1491,TCGA-EB-A44P-01,3
1492,TCGA-EB-A44Q-06,3
1493,TCGA-EB-A44R-06,3
1494,TCGA-EB-A4IQ-01,3
1495,TCGA-EB-A4IS-01,3
1496,TCGA-EB-A4OY-01,3
1497,TCGA-EB-A4OZ-01,0
1498,TCGA-EB-A4P0-01,3
1499,TCGA-EB-A551-01,3
1500,TCGA-EB-A553-01,3
1501,TCGA-EB-A57M-01,3
1502,TCGA-EB-A5SE-01,3
1503,TCGA-EB-A5SF-01,0
1504,TCGA-EB-A5SG-06,3
1505,TCGA-EB-A5SH-06,3
1506,TCGA-EB-A5UL-06,3
1507,TCGA-EB-A5UM-01,3
1508,TCGA-EB-A5UN-06,3
1509,TCGA-EE-A17X-06,3
1510,TCGA-EE-A17Y-06,3
1511,TCGA-EE-A17Z-06,3
1512,TCGA-EE-A180-06,3
1513,TCGA-EE-A181-06,3
1514,TCGA-EE-A182-06,3
1515,TCGA-EE-A183-06,3
1516,TCGA-EE-A184-06,3
1517,TCGA-EE-A185-06,3
1518,TCGA-EE-A20B-06,3
1519,TCGA-EE-A20C-06,3
1520,TCGA-EE-A20F-06,3
1521,TCGA-EE-A20H-06,3
1522,TCGA-EE-A20I-06,3
1523,TCGA-EE-A29A-06,3
1524,TCGA-EE-A29B-06,3
1525,TCGA-EE-A29C-06,3
1526,TCGA-EE-A29D-06,3
1527,TCGA-EE-A29E-06,3
1528,TCGA-EE-A29G-06,0
1529,TCGA-EE-A29H-06,3
1530,TCGA-EE-A29L-06,3
1531,TCGA-EE-A29M-06,3
1532,TCGA-EE-A29N-06,3
1533,TCGA-EE-A29P-06,3
1534,TCGA-EE-A29Q-06,3
1535,TCGA-EE-A29R-06,3
1536,TCGA-EE-A29S-06,3
1537,TCGA-EE-A29V-06,3
1538,TCGA-EE-A29W-06,3
1539,TCGA-EE-A29X-06,3
1540,TCGA-EE-A2A0-06,3
1541,TCGA-EE-A2A1-06,3
1542,TCGA-EE-A2A2-06,3
1543,TCGA-EE-A2A5-06,3
1544,TCGA-EE-A2A6-06,3
1545,TCGA-EE-A2GB-06,3
1546,TCGA-EE-A2GC-06,3
1547,TCGA-EE-A2GD-06,3
1548,TCGA-EE-A2GE-06,3
1549,TCGA-EE-A2GH-06,3
1550,TCGA-EE-A2GI-06,3
1551,TCGA-EE-A2GJ-06,3
1552,TCGA-EE-A2GL-06,3
1553,TCGA-EE-A2GM-06,3
1554,TCGA-EE-A2GN-06,3
1555,TCGA-EE-A2GO-06,3
1556,TCGA-EE-A2GP-06,3
1557,TCGA-EE-A2GR-06,3
1558,TCGA-EE-A2GS-06,3
1559,TCGA-EE-A2GT-06,3
1560,TCGA-EE-A2GU-06,3
1561,TCGA-EE-A2M5-06,2
1562,TCGA-EE-A2M6-06,3
1563,TCGA-EE-A2M7-06,3
1564,TCGA-EE-A2M8-06,3
1565,TCGA-EE-A2MC-06,2
1566,TCGA-EE-A2MD-06,3
1567,TCGA-EE-A2ME-06,3
1568,TCGA-EE-A2MF-06,3
1569,TCGA-EE-A2MG-06,3
1570,TCGA-EE-A2MH-06,3
1571,TCGA-EE-A2MI-06,3
1572,TCGA-EE-A2MJ-06,3
1573,TCGA-EE-A2MK-06,3
1574,TCGA-EE-A2ML-06,3
1575,TCGA-EE-A2MM-06,3
1576,TCGA-EE-A2MN-06,3
1577,TCGA-EE-A2MP-06,3
1578,TCGA-EE-A2MQ-06,3
1579,TCGA-EE-A2MR-06,3
1580,TCGA-EE-A2MS-06,3
1581,TCGA-EE-A2MT-06,3
1582,TCGA-EE-A2MU-06,3
1583,TCGA-EE-A3AA-06,3
1584,TCGA-EE-A3AB-06,3
1585,TCGA-EE-A3AC-06,3
1586,TCGA-EE-A3AD-06,3
1587,TCGA-EE-A3AE-06,3
1588,TCGA-EE-A3AF-06,3
1589,TCGA-EE-A3AG-06,3
1590,TCGA-EE-A3AH-06,3
1591,TCGA-EE-A3J3-06,3
1592,TCGA-EE-A3J4-06,3
1593,TCGA-EE-A3J5-06,3
1594,TCGA-EE-A3J7-06,3
1595,TCGA-EE-A3J8-06,3
1596,TCGA-EE-A3JA-06,3
1597,TCGA-EE-A3JB-06,3
1598,TCGA-EE-A3JD-06,3
1599,TCGA-EE-A3JE-06,3
1600,TCGA-EE-A3JH-06,3
1601,TCGA-EE-A3JI-06,3
1602,TCGA-ER-A193-06,3
1603,TCGA-ER-A194-01,3
1604,TCGA-ER-A195-06,3
1605,TCGA-ER-A196-01,0
1606,TCGA-ER-A197-06,3
1607,TCGA-ER-A198-06,3
1608,TCGA-ER-A199-06,3
1609,TCGA-ER-A19A-06,3
1610,TCGA-ER-A19B-06,3
1611,TCGA-ER-A19C-06,3
1612,TCGA-ER-A19D-06,3
1613,TCGA-ER-A19E-06,3
1614,TCGA-ER-A19F-06,3
1615,TCGA-ER-A19G-06,3
1616,TCGA-ER-A19H-06,3
1617,TCGA-ER-A19J-06,3
1618,TCGA-ER-A19K-01,3
1619,TCGA-ER-A19L-06,3
1620,TCGA-ER-A19M-06,3
1621,TCGA-ER-A19N-06,3
1622,TCGA-ER-A19O-06,3
1623,TCGA-ER-A19P-06,3
1624,TCGA-ER-A19Q-06,3
1625,TCGA-ER-A19S-06,3
1626,TCGA-ER-A19T-01,3
1627,TCGA-ER-A19W-06,3
1628,TCGA-ER-A1A1-06,3
1629,TCGA-ER-A2NB-01,0
1630,TCGA-ER-A2NC-06,3
1631,TCGA-ER-A2ND-06,3
1632,TCGA-ER-A2NE-06,3
1633,TCGA-ER-A2NF-01,3
1634,TCGA-ER-A2NG-06,3
1635,TCGA-ER-A2NH-06,3
1636,TCGA-ER-A3ES-06,3
1637,TCGA-ER-A3ET-06,3
1638,TCGA-ER-A3EV-06,3
1639,TCGA-ER-A3PL-06,3
1640,TCGA-ER-A42H-01,3
1641,TCGA-ER-A42K-06,3
1642,TCGA-ER-A42L-06,3
1643,TCGA-FR-A2OS-01,3
1644,TCGA-FR-A3R1-01,3
1645,TCGA-FR-A3YN-06,3
1646,TCGA-FR-A3YO-06,3
1647,TCGA-FR-A44A-06,3
1648,TCGA-FR-A69P-06,3
1649,TCGA-FS-A1YW-06,3
1650,TCGA-FS-A1YX-06,3
1651,TCGA-FS-A1YY-06,3
1652,TCGA-FS-A1Z0-06,3
1653,TCGA-FS-A1Z3-06,3
1654,TCGA-FS-A1Z4-06,3
1655,TCGA-FS-A1Z7-06,3
1656,TCGA-FS-A1ZA-06,3
1657,TCGA-FS-A1ZB-06,3
1658,TCGA-FS-A1ZC-06,3
1659,TCGA-FS-A1ZD-06,3
1660,TCGA-FS-A1ZE-06,3
1661,TCGA-FS-A1ZF-06,3
1662,TCGA-FS-A1ZG-06,3
1663,TCGA-FS-A1ZH-06,3
1664,TCGA-FS-A1ZJ-06,3
1665,TCGA-FS-A1ZK-06,3
1666,TCGA-FS-A1ZM-06,3
1667,TCGA-FS-A1ZN-01,3
1668,TCGA-FS-A1ZP-06,3
1669,TCGA-FS-A1ZQ-06,3
1670,TCGA-FS-A1ZR-06,3
1671,TCGA-FS-A1ZS-06,2
1672,TCGA-FS-A1ZT-06,3
1673,TCGA-FS-A1ZU-06,3
1674,TCGA-FS-A1ZW-06,3
1675,TCGA-FS-A1ZY-06,3
1676,TCGA-FS-A1ZZ-06,3
1677,TCGA-FS-A4F0-06,3
1678,TCGA-FS-A4F4-06,3
1679,TCGA-FS-A4F5-06,3
1680,TCGA-FS-A4F8-06,3
1681,TCGA-FS-A4F9-06,3
1682,TCGA-FS-A4FB-06,3
1683,TCGA-FS-A4FC-06,3
1684,TCGA-FS-A4FD-06,3
1685,TCGA-FW-A3I3-06,3
1686,TCGA-FW-A3R5-06,3
1687,TCGA-FW-A3TU-06,3
1688,TCGA-FW-A3TV-06,3
1689,TCGA-FW-A5DX-01,3
1690,TCGA-FW-A5DY-06,3
1691,TCGA-GF-A2C7-01,3
1692,TCGA-GF-A3OT-06,2
1693,TCGA-GF-A4EO-06,3
1694,TCGA-GF-A6C8-06,3
1695,TCGA-GF-A6C9-06,3
1696,TCGA-GN-A262-06,3
1697,TCGA-GN-A263-01,3
1698,TCGA-GN-A264-06,3
1699,TCGA-GN-A265-06,3
1700,TCGA-GN-A266-06,3
1701,TCGA-GN-A267-06,3
1702,TCGA-GN-A268-06,3
1703,TCGA-GN-A26A-06,3
1704,TCGA-GN-A26C-01,3
1705,TCGA-GN-A26D-06,3
1706,TCGA-IH-A3EA-01,3
1707,TCGA-QB-A6FS-06,3
1708,TCGA-RP-A690-06,3
1709,TCGA-RP-A693-06,3
1710,TCGA-RP-A694-06,3
1711,TCGA-RP-A695-06,3
